SET FOREIGN_KEY_CHECKS=0;
SET SQL_MODE = "NO_AUTO_VALUE_ON_ZERO";
SET AUTOCOMMIT = 0;
START TRANSACTION;
SET time_zone = "+00:00";

/*!40101 SET @OLD_CHARACTER_SET_CLIENT=@@CHARACTER_SET_CLIENT */;
/*!40101 SET @OLD_CHARACTER_SET_RESULTS=@@CHARACTER_SET_RESULTS */;
/*!40101 SET @OLD_COLLATION_CONNECTION=@@COLLATION_CONNECTION */;
/*!40101 SET NAMES utf8mb4 */;

CREATE DATABASE IF NOT EXISTS `j3pz_test` DEFAULT CHARACTER SET utf8 COLLATE utf8_general_ci;
USE `j3pz_test`;

DROP TABLE IF EXISTS `boss`;
CREATE TABLE `boss` (
  `id` int(11) NOT NULL,
  `name` varchar(255) DEFAULT NULL,
  `mapId` int(11) DEFAULT NULL
) ENGINE=InnoDB DEFAULT CHARSET=utf8mb4;

INSERT INTO `boss` (`id`, `name`, `mapId`) VALUES
(1, NULL, 102),
(9, '六道傀儡', 31),
(12, '何莘涯', 31),
(15, '剑圣', 31),
(24, '沙叱博', 100),
(37, '固守天策府', 100),
(42, '曹炎烈', 100),
(56, '萧沙', 62),
(59, '摩提耶罗', 62),
(66, '岳承志', 165),
(74, '黑鹰', 43),
(75, '史朝义', 43),
(79, '王翦', 67),
(86, '石麒麟', 67),
(113, '火龙摧城', 78),
(114, '靺鞨三骑将', 79),
(115, '安雨', 79),
(116, '白陶', 79),
(255, '柳绯君', 69),
(256, '哥舒翰', 70),
(258, '曹炎烈', 69),
(349, '司晴', 56),
(395, '乌夜啼', 54),
(577, NULL, 34),
(578, '康疑', 106),
(581, '没藏呼月', 106),
(583, '孙楚珊', 107),
(584, '康疑', 84),
(589, '无面鬼', 107),
(590, '没藏呼月', 84),
(592, '拿云', 84),
(596, '虎翼突袭', 107),
(597, '伊玛目', 84),
(667, '孙楚珊', 26),
(670, '阁逻鸿', 62),
(684, '柳愚', 41),
(691, '孙楚珊', 86),
(694, '晏厄', 86),
(695, '黄穆', 87),
(697, '乌索', 55),
(699, '胡鞑', 167),
(701, '虎翼突袭', 86),
(704, '无面鬼', 26),
(717, '无面鬼', 86),
(722, '陆寻', 167),
(723, '王海银', 164),
(724, '南之雷神', 167),
(725, '朱癸', 164),
(728, '醉蛛老人', 167),
(729, '平等', 164),
(732, '莫雨', 162),
(733, '仲虚念', 163),
(734, '水烟', 36),
(735, '虎翼突袭', 26),
(741, '提坦德亚罗', 36),
(742, '贪狼之牙', 38),
(745, '柳秀岳', 42),
(746, '里赤梅、苏贝德哈', 58),
(747, '伊玛目', 42),
(748, '慕容野狐、殷青丝', 58),
(750, '柳时清', 41);

DROP TABLE IF EXISTS `effect`;
CREATE TABLE `effect` (
  `id` int(11) NOT NULL,
  `attribute` text,
  `value` text,
  `description` varchar(255) NOT NULL,
  `trigger` enum('Usage','Passive','Condition') NOT NULL
) ENGINE=InnoDB DEFAULT CHARSET=utf8mb4;

INSERT INTO `effect` (`id`, `attribute`, `value`, `description`, `trigger`) VALUES
(269, NULL, NULL, '使用：获得风特效', 'Usage'),
(270, NULL, NULL, '使用：获得风特效', 'Usage'),
(281, NULL, NULL, '施展混元性伤害招式，一定几率提高自身混元性内功基础攻击力10%，持续6秒', 'Passive'),
(285, NULL, NULL, '施展外功伤害招式，一定几率提高自身毒性内功基础攻击力10%，持续6秒', 'Passive'),
(287, NULL, NULL, '施展外功伤害招式，一定几率提高自身外功基础攻击力10%，持续6秒', 'Passive'),
(315, NULL, NULL, '气力值上限提高100点', 'Passive'),
(453, NULL, NULL, '“阳明指”伤害提高10%, “快雪时晴”伤害提高10%', 'Passive'),
(455, NULL, NULL, '“蚀肌弹”伤害提高10%, “暴雨梨花针”伤害提高10%', 'Passive'),
(456, NULL, NULL, '“夺魄箭”伤害提高10%, “暴雨梨花针”伤害提高10%', 'Passive'),
(471, 'crit', '160', '全会心等级提高160点', 'Passive'),
(501, 'sprint', '100', '气力值上限提高100', 'Passive'),
(526, 'crit', '190', '全会心等级提高190', 'Passive'),
(536, NULL, NULL, '马术气力值上限提高100点', 'Passive'),
(556, NULL, NULL, '在寻宝时，遭遇特殊事件概率提高5%', 'Passive'),
(605, 'strain', '160', '无双等级提高160点', 'Passive'),
(610, NULL, NULL, '在寻宝时，遭遇特殊事件概率提升5%', 'Passive'),
(626, 'strain', '190', '无双等级提高190', 'Passive');

DROP TABLE IF EXISTS `enhance`;
CREATE TABLE `enhance` (
  `id` int(11) NOT NULL,
  `name` varchar(255) NOT NULL,
  `category` enum('hat','jacket','belt','wrist','bottoms','shoes','necklace','pendant','ring','secondaryWeapon','primaryWeapon','tertiaryWeapon') NOT NULL,
  `description` varchar(255) NOT NULL,
  `attribute` text NOT NULL,
  `value` text NOT NULL,
  `decorator` varchar(255) NOT NULL,
  `deprecated` tinyint(4) NOT NULL
) ENGINE=InnoDB DEFAULT CHARSET=utf8mb4;

DROP TABLE IF EXISTS `equip`;
CREATE TABLE `equip` (
  `id` int(11) NOT NULL,
  `name` varchar(255) NOT NULL,
  `icon` int(11) NOT NULL,
  `category` enum('hat','jacket','belt','wrist','bottoms','shoes','necklace','pendant','ring','secondaryWeapon','primaryWeapon','tertiaryWeapon') NOT NULL,
  `quality` int(11) NOT NULL,
  `school` enum('通用','精简','万花','少林','明教','唐门','七秀','五毒','纯阳','天策','丐帮','藏剑','苍云','长歌','霸刀','蓬莱','凌雪') NOT NULL,
  `primaryAttribute` varchar(255) NOT NULL,
  `score` int(11) NOT NULL,
  `vitality` int(11) NOT NULL,
  `spirit` int(11) NOT NULL,
  `strength` int(11) NOT NULL,
  `agility` int(11) NOT NULL,
  `spunk` int(11) NOT NULL,
  `basicPhysicsShield` int(11) NOT NULL,
  `basicMagicShield` int(11) NOT NULL,
  `damageBase` int(11) NOT NULL,
  `damageRange` int(11) NOT NULL,
  `attackSpeed` int(11) NOT NULL,
  `physicsShield` int(11) NOT NULL,
  `magicShield` int(11) NOT NULL,
  `dodge` int(11) NOT NULL,
  `parryBase` int(11) NOT NULL,
  `parryValue` int(11) NOT NULL,
  `toughness` int(11) NOT NULL,
  `attack` int(11) NOT NULL,
  `heal` int(11) NOT NULL,
  `crit` int(11) NOT NULL,
  `critEffect` int(11) NOT NULL,
  `overcome` int(11) NOT NULL,
  `haste` int(11) NOT NULL,
  `hit` int(11) NOT NULL,
  `strain` int(11) NOT NULL,
  `huajing` int(11) NOT NULL,
  `threat` int(11) NOT NULL,
  `embed` varchar(255) DEFAULT NULL,
  `strengthen` int(11) NOT NULL,
  `deprecated` tinyint(4) NOT NULL,
  `effectId` int(11) DEFAULT NULL,
  `setId` int(11) DEFAULT NULL
) ENGINE=InnoDB DEFAULT CHARSET=utf8mb4;

INSERT INTO `equip` (`id`, `name`, `icon`, `category`, `quality`, `school`, `primaryAttribute`, `score`, `vitality`, `spirit`, `strength`, `agility`, `spunk`, `basicPhysicsShield`, `basicMagicShield`, `damageBase`, `damageRange`, `attackSpeed`, `physicsShield`, `magicShield`, `dodge`, `parryBase`, `parryValue`, `toughness`, `attack`, `heal`, `crit`, `critEffect`, `overcome`, `haste`, `hit`, `strain`, `huajing`, `threat`, `embed`, `strengthen`, `deprecated`, `effectId`, `setId`) VALUES
(32824, '游绛护手', 1981, 'wrist', 2100, '通用', 'spunk', 2646, 366, 0, 0, 0, 134, 48, 60, 0, 0, 0, 0, 0, 0, 0, 0, 0, 292, 0, 570, 0, 0, 0, 0, 271, 0, 0, '2D37D05', 6, 0, NULL, NULL),
(32825, '倦清护手', 1981, 'wrist', 2100, '通用', 'strength', 2646, 366, 0, 134, 0, 0, 60, 48, 0, 0, 0, 0, 0, 0, 0, 0, 0, 243, 0, 570, 0, 0, 0, 0, 271, 0, 0, '2D06D05', 6, 0, NULL, NULL),
(32842, '影临帽', 1136, 'hat', 2100, '通用', 'spunk', 3402, 471, 0, 0, 0, 172, 55, 69, 0, 0, 0, 0, 0, 0, 0, 0, 0, 375, 0, 0, 0, 733, 0, 0, 349, 0, 0, '2D01D39', 6, 0, NULL, NULL),
(32843, '非儒帽', 1136, 'hat', 2100, '通用', 'strength', 3402, 471, 0, 172, 0, 0, 69, 55, 0, 0, 0, 0, 0, 0, 0, 0, 0, 312, 0, 0, 0, 733, 0, 0, 349, 0, 0, '2D02D39', 6, 0, NULL, NULL),
(32849, '鹤梦·凝清护手', 10961, 'wrist', 2100, '万花', 'spunk', 2646, 366, 0, 0, 0, 134, 48, 60, 0, 0, 0, 0, 0, 0, 0, 0, 0, 292, 0, 570, 0, 0, 0, 271, 0, 0, 0, '2D01D05', 6, 0, NULL, 1675),
(32859, '鹤梦·风影护手', 10977, 'wrist', 2100, '唐门', 'spunk', 2646, 366, 0, 0, 0, 134, 48, 60, 0, 0, 0, 0, 0, 0, 0, 0, 0, 292, 0, 570, 0, 0, 0, 271, 0, 0, 0, '2D01D05', 6, 0, NULL, 1685),
(32860, '鹤梦·星魂护手', 10977, 'wrist', 2100, '唐门', 'strength', 2646, 366, 0, 134, 0, 0, 60, 48, 0, 0, 0, 0, 0, 0, 0, 0, 0, 243, 0, 570, 0, 0, 0, 271, 0, 0, 0, '2D02D05', 6, 0, NULL, 1686),
(32921, '鹤梦·凝清冠', 10957, 'hat', 2100, '万花', 'spunk', 3402, 471, 0, 0, 0, 172, 55, 69, 0, 0, 0, 0, 0, 0, 0, 0, 0, 375, 0, 0, 0, 733, 0, 349, 0, 0, 0, '2D01D39', 6, 0, NULL, 1675),
(32931, '鹤梦·风影冠', 10975, 'hat', 2100, '唐门', 'spunk', 3402, 471, 0, 0, 0, 172, 55, 69, 0, 0, 0, 0, 0, 0, 0, 0, 0, 375, 0, 0, 0, 733, 0, 349, 0, 0, 0, '2D01D39', 6, 0, NULL, 1685),
(32932, '鹤梦·星魂冠', 10975, 'hat', 2100, '唐门', 'strength', 3402, 471, 0, 172, 0, 0, 69, 55, 0, 0, 0, 0, 0, 0, 0, 0, 0, 312, 0, 0, 0, 733, 0, 349, 0, 0, 0, '2D02D39', 6, 0, NULL, 1686),
(32968, '知微通玄·怀冤袖', 8293, 'wrist', 2100, '通用', 'spunk', 2646, 366, 0, 0, 0, 134, 48, 60, 0, 0, 0, 0, 0, 0, 0, 0, 0, 292, 0, 0, 0, 570, 0, 0, 271, 0, 0, '2D11D01', 6, 0, NULL, NULL),
(32969, '知微通玄·五仓袖', 8293, 'wrist', 2100, '通用', 'strength', 2646, 366, 0, 134, 0, 0, 60, 48, 0, 0, 0, 0, 0, 0, 0, 0, 0, 243, 0, 0, 0, 570, 0, 0, 271, 0, 0, '2D11D02', 6, 0, NULL, NULL),
(32992, '知微通玄·怀冤帽', 8286, 'hat', 2100, '通用', 'spunk', 3402, 471, 0, 0, 0, 172, 55, 69, 0, 0, 0, 0, 0, 0, 0, 0, 0, 375, 0, 0, 0, 733, 0, 349, 0, 0, 0, '2D01D39', 6, 0, NULL, NULL),
(32993, '知微通玄·五仓帽', 8286, 'hat', 2100, '通用', 'strength', 3402, 471, 0, 172, 0, 0, 69, 55, 0, 0, 0, 0, 0, 0, 0, 0, 0, 312, 0, 0, 0, 733, 0, 349, 0, 0, 0, '2D02D39', 6, 0, NULL, NULL),
(33004, '寻踪觅宝·五气袖', 7987, 'wrist', 2100, '通用', 'spunk', 2646, 366, 0, 0, 0, 134, 48, 60, 0, 0, 0, 0, 0, 0, 0, 0, 0, 292, 0, 0, 0, 570, 0, 271, 0, 0, 0, '2D39D27', 6, 0, NULL, 1698),
(33005, '寻踪觅宝·制化袖', 7987, 'wrist', 2100, '通用', 'strength', 2646, 366, 0, 134, 0, 0, 60, 48, 0, 0, 0, 0, 0, 0, 0, 0, 0, 243, 0, 0, 0, 570, 0, 271, 0, 0, 0, '2D39D18', 6, 0, NULL, 1699),
(33022, '寻踪觅宝·五气帽', 7986, 'hat', 2100, '通用', 'spunk', 3402, 471, 0, 0, 0, 172, 55, 69, 0, 0, 0, 0, 0, 0, 0, 0, 0, 375, 0, 733, 0, 0, 0, 0, 349, 0, 0, '2D03D11', 6, 0, NULL, 1698),
(33023, '寻踪觅宝·制化帽', 7986, 'hat', 2100, '通用', 'strength', 3402, 471, 0, 172, 0, 0, 69, 55, 0, 0, 0, 0, 0, 0, 0, 0, 0, 312, 0, 733, 0, 0, 0, 0, 349, 0, 0, '2D03D11', 6, 0, NULL, 1699),
(33034, '获旷袖', 9238, 'wrist', 2130, '通用', 'spunk', 2683, 372, 0, 0, 0, 136, 49, 61, 0, 0, 0, 0, 0, 0, 0, 0, 0, 296, 0, 578, 0, 0, 0, 275, 0, 0, 0, '2D01D05', 6, 0, NULL, NULL),
(33035, '获旌袖', 9238, 'wrist', 2130, '通用', 'strength', 2683, 372, 0, 136, 0, 0, 61, 49, 0, 0, 0, 0, 0, 0, 0, 0, 0, 247, 0, 578, 0, 0, 0, 275, 0, 0, 0, '2D02D05', 6, 0, NULL, NULL),
(33058, '获旷帽', 9234, 'hat', 2130, '通用', 'spunk', 3450, 478, 0, 0, 0, 175, 56, 70, 0, 0, 0, 0, 0, 0, 0, 0, 0, 380, 0, 743, 0, 0, 0, 354, 0, 0, 0, '2D39D27', 6, 0, NULL, NULL),
(33059, '获旌帽', 9234, 'hat', 2130, '通用', 'strength', 3450, 478, 0, 175, 0, 0, 70, 56, 0, 0, 0, 0, 0, 0, 0, 0, 0, 317, 0, 743, 0, 0, 0, 354, 0, 0, 0, '2D39D18', 6, 0, NULL, NULL),
(33100, '肃澹袖', 11045, 'wrist', 2130, '通用', 'spunk', 2683, 372, 0, 0, 0, 136, 49, 61, 0, 0, 0, 0, 0, 0, 0, 0, 0, 296, 0, 578, 0, 0, 0, 0, 275, 0, 0, '2D37D05', 6, 0, NULL, NULL),
(33101, '肃杀袖', 11045, 'wrist', 2130, '通用', 'strength', 2683, 372, 0, 136, 0, 0, 61, 49, 0, 0, 0, 0, 0, 0, 0, 0, 0, 247, 0, 578, 0, 0, 0, 0, 275, 0, 0, '2D06D05', 6, 0, NULL, NULL),
(33124, '肃澹冠', 11041, 'hat', 2130, '通用', 'spunk', 3450, 478, 0, 0, 0, 175, 56, 70, 0, 0, 0, 0, 0, 0, 0, 0, 0, 380, 0, 743, 0, 0, 0, 0, 354, 0, 0, '2D03D11', 6, 0, NULL, NULL),
(33125, '肃杀冠', 11041, 'hat', 2130, '通用', 'strength', 3450, 478, 0, 175, 0, 0, 70, 56, 0, 0, 0, 0, 0, 0, 0, 0, 0, 317, 0, 743, 0, 0, 0, 0, 354, 0, 0, '2D03D11', 6, 0, NULL, NULL),
(33137, '天韶·孤怀护手', 10961, 'wrist', 2300, '万花', 'spunk', 2898, 401, 0, 0, 0, 147, 53, 66, 0, 0, 0, 0, 0, 0, 0, 0, 0, 319, 0, 624, 0, 0, 0, 297, 0, 0, 0, '2D01D05', 6, 0, NULL, 1705),
(33147, '天韶·羽魂护手', 10977, 'wrist', 2300, '唐门', 'spunk', 2898, 401, 0, 0, 0, 147, 53, 66, 0, 0, 0, 0, 0, 0, 0, 0, 0, 319, 0, 624, 0, 0, 0, 297, 0, 0, 0, '2D01D05', 6, 0, NULL, 1715),
(33148, '天韶·雾渺护手', 10977, 'wrist', 2300, '唐门', 'strength', 2898, 401, 0, 147, 0, 0, 66, 53, 0, 0, 0, 0, 0, 0, 0, 0, 0, 266, 0, 624, 0, 0, 0, 297, 0, 0, 0, '2D02D05', 6, 0, NULL, 1716),
(33209, '天韶·孤怀冠', 10957, 'hat', 2300, '万花', 'spunk', 3726, 516, 0, 0, 0, 189, 60, 75, 0, 0, 0, 0, 0, 0, 0, 0, 0, 411, 0, 0, 0, 803, 0, 382, 0, 0, 0, '2D01D39', 6, 0, NULL, 1705),
(33219, '天韶·羽魂冠', 10975, 'hat', 2300, '唐门', 'spunk', 3726, 516, 0, 0, 0, 189, 60, 75, 0, 0, 0, 0, 0, 0, 0, 0, 0, 411, 0, 0, 0, 803, 0, 382, 0, 0, 0, '2D01D39', 6, 0, NULL, 1715),
(33220, '天韶·雾渺冠', 10975, 'hat', 2300, '唐门', 'strength', 3726, 516, 0, 189, 0, 0, 75, 60, 0, 0, 0, 0, 0, 0, 0, 0, 0, 342, 0, 0, 0, 803, 0, 382, 0, 0, 0, '2D02D39', 6, 0, NULL, 1716),
(33256, '刻廉袖', 9238, 'wrist', 2330, '通用', 'spunk', 2935, 407, 0, 0, 0, 149, 53, 67, 0, 0, 0, 0, 0, 0, 0, 0, 0, 324, 0, 632, 0, 0, 0, 301, 0, 0, 0, '2D01D05', 6, 0, NULL, NULL),
(33257, '刻深袖', 9238, 'wrist', 2330, '通用', 'strength', 2935, 407, 0, 149, 0, 0, 67, 53, 0, 0, 0, 0, 0, 0, 0, 0, 0, 270, 0, 632, 0, 0, 0, 301, 0, 0, 0, '2D02D05', 6, 0, NULL, NULL),
(33280, '刻廉帽', 9234, 'hat', 2330, '通用', 'spunk', 3774, 523, 0, 0, 0, 191, 61, 76, 0, 0, 0, 0, 0, 0, 0, 0, 0, 416, 0, 813, 0, 0, 0, 387, 0, 0, 0, '2D39D27', 6, 0, NULL, NULL),
(33281, '刻深帽', 9234, 'hat', 2330, '通用', 'strength', 3774, 523, 0, 191, 0, 0, 76, 61, 0, 0, 0, 0, 0, 0, 0, 0, 0, 347, 0, 813, 0, 0, 0, 387, 0, 0, 0, '2D39D18', 6, 0, NULL, NULL),
(33322, '玄虚袖', 11045, 'wrist', 2330, '通用', 'spunk', 2935, 407, 0, 0, 0, 149, 53, 67, 0, 0, 0, 0, 0, 0, 0, 0, 0, 324, 0, 632, 0, 0, 0, 0, 301, 0, 0, '2D37D05', 6, 0, NULL, NULL),
(33323, '玄戈袖', 11045, 'wrist', 2330, '通用', 'strength', 2935, 407, 0, 149, 0, 0, 67, 53, 0, 0, 0, 0, 0, 0, 0, 0, 0, 270, 0, 632, 0, 0, 0, 0, 301, 0, 0, '2D06D05', 6, 0, NULL, NULL),
(33346, '玄虚冠', 11041, 'hat', 2330, '通用', 'spunk', 3774, 523, 0, 0, 0, 191, 61, 76, 0, 0, 0, 0, 0, 0, 0, 0, 0, 416, 0, 813, 0, 0, 0, 0, 387, 0, 0, '2D03D11', 6, 0, NULL, NULL),
(33347, '玄戈冠', 11041, 'hat', 2330, '通用', 'strength', 3774, 523, 0, 191, 0, 0, 76, 61, 0, 0, 0, 0, 0, 0, 0, 0, 0, 347, 0, 813, 0, 0, 0, 0, 387, 0, 0, '2D03D11', 6, 0, NULL, NULL),
(33358, '寒川缠', 10948, 'wrist', 2360, '通用', 'spunk', 2973, 412, 0, 0, 0, 150, 54, 68, 0, 0, 0, 0, 0, 0, 0, 0, 0, 328, 0, 0, 0, 641, 0, 305, 0, 0, 0, '2D39D27', 6, 0, NULL, 1728),
(33359, '寒山缠', 10948, 'wrist', 2360, '通用', 'strength', 2973, 412, 0, 150, 0, 0, 68, 54, 0, 0, 0, 0, 0, 0, 0, 0, 0, 273, 0, 0, 0, 641, 0, 305, 0, 0, 0, '2D39D18', 6, 0, NULL, 1729),
(33382, '寒川冠', 10945, 'hat', 2360, '通用', 'spunk', 3823, 530, 0, 0, 0, 193, 62, 77, 0, 0, 0, 0, 0, 0, 0, 0, 0, 421, 0, 824, 0, 0, 0, 392, 0, 0, 0, '2D39D27', 6, 0, NULL, 1728),
(33383, '寒山冠', 10945, 'hat', 2360, '通用', 'strength', 3823, 530, 0, 193, 0, 0, 77, 62, 0, 0, 0, 0, 0, 0, 0, 0, 0, 351, 0, 824, 0, 0, 0, 392, 0, 0, 0, '2D39D18', 6, 0, NULL, 1729),
(34114, '月冷长河·殇风护手', 6478, 'wrist', 2100, '通用', 'spunk', 2646, 366, 0, 0, 0, 134, 48, 60, 0, 0, 0, 0, 0, 0, 0, 0, 0, 292, 0, 570, 0, 0, 0, 271, 0, 0, 0, '2D01D05', 6, 0, NULL, NULL),
(34115, '月冷长河·殇恸护手', 6478, 'wrist', 2100, '通用', 'strength', 2646, 366, 0, 134, 0, 0, 60, 48, 0, 0, 0, 0, 0, 0, 0, 0, 0, 243, 0, 570, 0, 0, 0, 271, 0, 0, 0, '2D02D05', 6, 0, NULL, NULL),
(34138, '月冷长河·魄精帽', 6480, 'hat', 2100, '通用', 'spunk', 3402, 471, 0, 0, 0, 172, 55, 69, 0, 0, 0, 0, 0, 0, 0, 0, 0, 375, 0, 733, 0, 0, 0, 0, 349, 0, 0, '2D03D11', 6, 0, NULL, NULL),
(34139, '月冷长河·魄萦帽', 6480, 'hat', 2100, '通用', 'strength', 3402, 471, 0, 172, 0, 0, 69, 55, 0, 0, 0, 0, 0, 0, 0, 0, 0, 312, 0, 733, 0, 0, 0, 0, 349, 0, 0, '2D03D11', 6, 0, NULL, NULL),
(34636, '昭清袖', 11045, 'wrist', 2130, '通用', 'spunk', 2683, 372, 0, 0, 0, 136, 49, 61, 0, 0, 0, 0, 0, 0, 0, 0, 0, 296, 0, 0, 0, 578, 0, 0, 275, 0, 0, '2D11D01', 6, 0, NULL, NULL),
(34637, '昭武袖', 11045, 'wrist', 2130, '通用', 'strength', 2683, 372, 0, 136, 0, 0, 61, 49, 0, 0, 0, 0, 0, 0, 0, 0, 0, 247, 0, 0, 0, 578, 0, 0, 275, 0, 0, '2D11D02', 6, 0, NULL, NULL),
(34660, '昭清冠', 11041, 'hat', 2130, '通用', 'spunk', 3450, 478, 0, 0, 0, 175, 56, 70, 0, 0, 0, 0, 0, 0, 0, 0, 0, 380, 0, 0, 0, 0, 743, 354, 0, 0, 0, '2D39D01', 6, 0, NULL, NULL),
(34661, '昭武冠', 11041, 'hat', 2130, '通用', 'strength', 3450, 478, 0, 175, 0, 0, 70, 56, 0, 0, 0, 0, 0, 0, 0, 0, 0, 317, 0, 0, 0, 0, 743, 354, 0, 0, 0, '2D39D02', 6, 0, NULL, NULL),
(34672, '折心袖', 11045, 'wrist', 2330, '通用', 'spunk', 2935, 407, 0, 0, 0, 149, 53, 67, 0, 0, 0, 0, 0, 0, 0, 0, 0, 324, 0, 0, 0, 632, 0, 0, 301, 0, 0, '2D11D01', 6, 0, NULL, NULL),
(34673, '碎山袖', 11045, 'wrist', 2330, '通用', 'strength', 2935, 407, 0, 149, 0, 0, 67, 53, 0, 0, 0, 0, 0, 0, 0, 0, 0, 270, 0, 0, 0, 632, 0, 0, 301, 0, 0, '2D11D02', 6, 0, NULL, NULL),
(34696, '折心冠', 11041, 'hat', 2330, '通用', 'spunk', 3774, 523, 0, 0, 0, 191, 61, 76, 0, 0, 0, 0, 0, 0, 0, 0, 0, 416, 0, 0, 0, 0, 813, 387, 0, 0, 0, '2D39D01', 6, 0, NULL, NULL),
(34697, '碎山冠', 11041, 'hat', 2330, '通用', 'strength', 3774, 523, 0, 191, 0, 0, 76, 61, 0, 0, 0, 0, 0, 0, 0, 0, 0, 347, 0, 0, 0, 0, 813, 387, 0, 0, 0, '2D39D02', 6, 0, NULL, NULL),
(39479, '沧海间', 1223, 'pendant', 2310, '通用', 'spunk', 2079, 288, 0, 0, 0, 105, 0, 0, 0, 0, 0, 0, 0, 0, 0, 0, 0, 229, 0, 448, 0, 0, 0, 0, 213, 0, 0, '1D11', 4, 0, 269, NULL),
(39480, '断潮澜', 1217, 'pendant', 2310, '通用', 'strength', 2079, 288, 0, 105, 0, 0, 0, 0, 0, 0, 0, 0, 0, 0, 0, 0, 0, 191, 0, 448, 0, 0, 0, 0, 213, 0, 0, '1D11', 4, 0, 270, NULL),
(40375, '观鱼袖', 11599, 'wrist', 2100, '通用', 'spunk', 2646, 366, 0, 0, 0, 134, 48, 60, 0, 0, 0, 0, 0, 0, 0, 0, 0, 292, 0, 0, 0, 0, 570, 0, 271, 0, 0, '2D39D01', 6, 0, NULL, NULL),
(40376, '望月护腕', 11599, 'wrist', 2100, '通用', 'strength', 2646, 366, 0, 134, 0, 0, 60, 48, 0, 0, 0, 0, 0, 0, 0, 0, 0, 243, 0, 0, 0, 0, 570, 0, 271, 0, 0, '2D39D02', 6, 0, NULL, NULL),
(40399, '观鱼冠', 11598, 'hat', 2100, '通用', 'spunk', 3402, 471, 0, 0, 0, 172, 55, 69, 0, 0, 0, 0, 0, 0, 0, 0, 0, 375, 0, 733, 0, 0, 0, 0, 349, 0, 0, '2D03D11', 6, 0, NULL, NULL),
(40400, '望月冠', 11598, 'hat', 2100, '通用', 'strength', 3402, 471, 0, 172, 0, 0, 69, 55, 0, 0, 0, 0, 0, 0, 0, 0, 0, 312, 0, 733, 0, 0, 0, 0, 349, 0, 0, '2D03D11', 6, 0, NULL, NULL),
(40411, '青苍袖', 11599, 'wrist', 2100, '通用', 'spunk', 2646, 366, 0, 0, 0, 134, 48, 60, 0, 0, 0, 0, 0, 0, 0, 0, 0, 292, 0, 0, 0, 570, 0, 271, 0, 0, 0, '2D39D27', 6, 0, NULL, NULL),
(40412, '朱颜护腕', 11599, 'wrist', 2100, '通用', 'strength', 2646, 366, 0, 134, 0, 0, 60, 48, 0, 0, 0, 0, 0, 0, 0, 0, 0, 243, 0, 0, 0, 570, 0, 271, 0, 0, 0, '2D39D18', 6, 0, NULL, NULL),
(40435, '青苍冠', 11598, 'hat', 2100, '通用', 'spunk', 3402, 471, 0, 0, 0, 172, 55, 69, 0, 0, 0, 0, 0, 0, 0, 0, 0, 375, 0, 0, 0, 0, 733, 349, 0, 0, 0, '2D39D01', 6, 0, NULL, NULL),
(40436, '朱颜冠', 11598, 'hat', 2100, '通用', 'strength', 3402, 471, 0, 172, 0, 0, 69, 55, 0, 0, 0, 0, 0, 0, 0, 0, 0, 312, 0, 0, 0, 0, 733, 349, 0, 0, 0, '2D39D02', 6, 0, NULL, NULL),
(40447, '倦花袖', 11599, 'wrist', 2100, '通用', 'spunk', 2646, 366, 0, 0, 0, 134, 48, 60, 0, 0, 0, 0, 0, 0, 0, 0, 0, 292, 0, 570, 0, 0, 0, 0, 271, 0, 0, '2D37D05', 6, 0, NULL, NULL),
(40448, '醉云护腕', 11599, 'wrist', 2100, '通用', 'strength', 2646, 366, 0, 134, 0, 0, 60, 48, 0, 0, 0, 0, 0, 0, 0, 0, 0, 243, 0, 570, 0, 0, 0, 0, 271, 0, 0, '2D06D05', 6, 0, NULL, NULL),
(40471, '倦花冠', 11598, 'hat', 2100, '通用', 'spunk', 3402, 471, 0, 0, 0, 172, 55, 69, 0, 0, 0, 0, 0, 0, 0, 0, 0, 375, 0, 733, 0, 0, 0, 349, 0, 0, 0, '2D39D27', 6, 0, NULL, NULL),
(40472, '醉云冠', 11598, 'hat', 2100, '通用', 'strength', 3402, 471, 0, 172, 0, 0, 69, 55, 0, 0, 0, 0, 0, 0, 0, 0, 0, 312, 0, 733, 0, 0, 0, 349, 0, 0, 0, '2D39D18', 6, 0, NULL, NULL),
(40501, '房幽帽', 11598, 'hat', 2100, '通用', 'spunk', 3402, 471, 0, 0, 0, 172, 55, 69, 0, 0, 0, 0, 0, 0, 0, 0, 0, 375, 0, 0, 0, 733, 0, 349, 0, 0, 0, '2D01D39', 6, 0, NULL, NULL),
(40502, '房玄帽', 11598, 'hat', 2100, '通用', 'strength', 3402, 471, 0, 172, 0, 0, 69, 55, 0, 0, 0, 0, 0, 0, 0, 0, 0, 312, 0, 0, 0, 733, 0, 349, 0, 0, 0, '2D02D39', 6, 0, NULL, NULL),
(40513, '知微通玄·去恒袖', 8293, 'wrist', 2300, '通用', 'spunk', 2898, 401, 0, 0, 0, 147, 53, 66, 0, 0, 0, 0, 0, 0, 0, 0, 0, 319, 0, 0, 0, 624, 0, 0, 297, 0, 0, '2D11D01', 6, 0, NULL, NULL),
(40514, '知微通玄·入渊袖', 8293, 'wrist', 2300, '通用', 'strength', 2898, 401, 0, 147, 0, 0, 66, 53, 0, 0, 0, 0, 0, 0, 0, 0, 0, 266, 0, 0, 0, 624, 0, 0, 297, 0, 0, '2D11D02', 6, 0, NULL, NULL),
(40537, '知微通玄·去恒帽', 8286, 'hat', 2300, '通用', 'spunk', 3726, 516, 0, 0, 0, 189, 60, 75, 0, 0, 0, 0, 0, 0, 0, 0, 0, 411, 0, 0, 0, 803, 0, 382, 0, 0, 0, '2D01D39', 6, 0, NULL, NULL),
(40538, '知微通玄·入渊帽', 8286, 'hat', 2300, '通用', 'strength', 3726, 516, 0, 189, 0, 0, 75, 60, 0, 0, 0, 0, 0, 0, 0, 0, 0, 342, 0, 0, 0, 803, 0, 382, 0, 0, 0, '2D02D39', 6, 0, NULL, NULL),
(40549, '寻踪觅宝·亘绝袖', 8889, 'wrist', 2300, '通用', 'spunk', 2898, 401, 0, 0, 0, 147, 53, 66, 0, 0, 0, 0, 0, 0, 0, 0, 0, 319, 0, 0, 0, 624, 0, 297, 0, 0, 0, '2D39D27', 6, 0, NULL, 1989),
(40550, '寻踪觅宝·宿世袖', 8889, 'wrist', 2300, '通用', 'strength', 2898, 401, 0, 147, 0, 0, 66, 53, 0, 0, 0, 0, 0, 0, 0, 0, 0, 266, 0, 0, 0, 624, 0, 297, 0, 0, 0, '2D39D18', 6, 0, NULL, 1990),
(40567, '寻踪觅宝·亘绝帽', 8888, 'hat', 2300, '通用', 'spunk', 3726, 516, 0, 0, 0, 189, 60, 75, 0, 0, 0, 0, 0, 0, 0, 0, 0, 411, 0, 803, 0, 0, 0, 0, 382, 0, 0, '2D03D11', 6, 0, NULL, 1989),
(40568, '寻踪觅宝·宿世帽', 8888, 'hat', 2300, '通用', 'strength', 3726, 516, 0, 189, 0, 0, 75, 60, 0, 0, 0, 0, 0, 0, 0, 0, 0, 342, 0, 803, 0, 0, 0, 0, 382, 0, 0, '2D03D11', 6, 0, NULL, 1990),
(40580, '凌绝·溪行袖', 11620, 'wrist', 2560, '万花', 'spunk', 3225, 447, 0, 0, 0, 163, 59, 73, 0, 0, 0, 0, 0, 0, 0, 0, 0, 356, 0, 695, 0, 0, 0, 331, 0, 0, 0, '2D01D05', 6, 0, NULL, 1996),
(40590, '凌绝·威灵护手', 11638, 'wrist', 2560, '唐门', 'spunk', 3225, 447, 0, 0, 0, 163, 59, 73, 0, 0, 0, 0, 0, 0, 0, 0, 0, 356, 0, 695, 0, 0, 0, 331, 0, 0, 0, '2D01D05', 6, 0, NULL, 2006),
(40591, '凌绝·鸣竹护手', 11638, 'wrist', 2560, '唐门', 'strength', 3225, 447, 0, 163, 0, 0, 73, 59, 0, 0, 0, 0, 0, 0, 0, 0, 0, 296, 0, 695, 0, 0, 0, 331, 0, 0, 0, '2D02D05', 6, 0, NULL, 2007),
(40652, '凌绝·溪行帽', 11616, 'hat', 2560, '万花', 'spunk', 4147, 574, 0, 0, 0, 210, 67, 84, 0, 0, 0, 0, 0, 0, 0, 0, 0, 457, 0, 0, 0, 893, 0, 425, 0, 0, 0, '2D01D39', 6, 0, NULL, 1996),
(40662, '凌绝·威灵冠', 11634, 'hat', 2560, '唐门', 'spunk', 4147, 574, 0, 0, 0, 210, 67, 84, 0, 0, 0, 0, 0, 0, 0, 0, 0, 457, 0, 0, 0, 893, 0, 425, 0, 0, 0, '2D01D39', 6, 0, NULL, 2006),
(40663, '凌绝·鸣竹冠', 11634, 'hat', 2560, '唐门', 'strength', 4147, 574, 0, 210, 0, 0, 84, 67, 0, 0, 0, 0, 0, 0, 0, 0, 0, 381, 0, 0, 0, 893, 0, 425, 0, 0, 0, '2D02D39', 6, 0, NULL, 2007),
(40699, '生茅护手', 11599, 'wrist', 2600, '通用', 'spunk', 3276, 454, 0, 0, 0, 166, 60, 74, 0, 0, 0, 0, 0, 0, 0, 0, 0, 361, 0, 706, 0, 0, 0, 0, 336, 0, 0, '2D37D05', 6, 0, NULL, NULL),
(40700, '伐檀护手', 11599, 'wrist', 2600, '通用', 'strength', 3276, 454, 0, 166, 0, 0, 74, 60, 0, 0, 0, 0, 0, 0, 0, 0, 0, 301, 0, 706, 0, 0, 0, 0, 336, 0, 0, '2D06D05', 6, 0, NULL, NULL),
(40723, '生茅冠', 11598, 'hat', 2600, '通用', 'spunk', 4212, 583, 0, 0, 0, 213, 68, 85, 0, 0, 0, 0, 0, 0, 0, 0, 0, 464, 0, 907, 0, 0, 0, 0, 432, 0, 0, '2D03D11', 6, 0, NULL, NULL),
(40724, '伐檀冠', 11598, 'hat', 2600, '通用', 'strength', 4212, 583, 0, 213, 0, 0, 85, 68, 0, 0, 0, 0, 0, 0, 0, 0, 0, 387, 0, 907, 0, 0, 0, 0, 432, 0, 0, '2D03D11', 6, 0, NULL, NULL),
(40735, '渡沔护手', 11599, 'wrist', 2600, '通用', 'spunk', 3276, 454, 0, 0, 0, 166, 60, 74, 0, 0, 0, 0, 0, 0, 0, 0, 0, 361, 0, 0, 0, 706, 0, 0, 336, 0, 0, '2D11D01', 6, 0, NULL, NULL),
(40736, '戍远护手', 11599, 'wrist', 2600, '通用', 'strength', 3276, 454, 0, 166, 0, 0, 74, 60, 0, 0, 0, 0, 0, 0, 0, 0, 0, 301, 0, 0, 0, 706, 0, 0, 336, 0, 0, '2D11D02', 6, 0, NULL, NULL),
(40759, '渡沔帽', 11598, 'hat', 2600, '通用', 'spunk', 4212, 583, 0, 0, 0, 213, 68, 85, 0, 0, 0, 0, 0, 0, 0, 0, 0, 464, 0, 0, 0, 0, 907, 432, 0, 0, 0, '2D39D01', 6, 0, NULL, NULL),
(40760, '戍远帽', 11598, 'hat', 2600, '通用', 'strength', 4212, 583, 0, 213, 0, 0, 85, 68, 0, 0, 0, 0, 0, 0, 0, 0, 0, 387, 0, 0, 0, 0, 907, 432, 0, 0, 0, '2D39D02', 6, 0, NULL, NULL),
(40795, '听元护手', 9686, 'wrist', 2600, '通用', 'spunk', 3276, 454, 0, 0, 0, 166, 60, 74, 0, 0, 0, 0, 0, 0, 0, 0, 0, 361, 0, 706, 0, 0, 0, 336, 0, 0, 0, '2D01D05', 6, 0, NULL, NULL),
(40796, '听角护手', 9686, 'wrist', 2600, '通用', 'strength', 3276, 454, 0, 166, 0, 0, 74, 60, 0, 0, 0, 0, 0, 0, 0, 0, 0, 301, 0, 706, 0, 0, 0, 336, 0, 0, 0, '2D02D05', 6, 0, NULL, NULL),
(40819, '听元冠', 9684, 'hat', 2600, '通用', 'spunk', 4212, 583, 0, 0, 0, 213, 68, 85, 0, 0, 0, 0, 0, 0, 0, 0, 0, 464, 0, 907, 0, 0, 0, 432, 0, 0, 0, '2D39D27', 6, 0, NULL, NULL),
(40820, '听角冠', 9684, 'hat', 2600, '通用', 'strength', 4212, 583, 0, 213, 0, 0, 85, 68, 0, 0, 0, 0, 0, 0, 0, 0, 0, 387, 0, 907, 0, 0, 0, 432, 0, 0, 0, '2D39D18', 6, 0, NULL, NULL),
(40861, '兹杨袖', 11605, 'wrist', 2640, '通用', 'spunk', 3326, 461, 0, 0, 0, 168, 60, 76, 0, 0, 0, 0, 0, 0, 0, 0, 0, 367, 0, 0, 0, 717, 0, 341, 0, 0, 0, '2D39D27', 6, 0, NULL, 2019),
(40862, '兹松袖', 11605, 'wrist', 2640, '通用', 'strength', 3326, 461, 0, 168, 0, 0, 76, 60, 0, 0, 0, 0, 0, 0, 0, 0, 0, 306, 0, 0, 0, 717, 0, 341, 0, 0, 0, '2D39D18', 6, 0, NULL, 2020),
(40885, '兹杨冠', 11604, 'hat', 2640, '通用', 'spunk', 4276, 592, 0, 0, 0, 216, 69, 86, 0, 0, 0, 0, 0, 0, 0, 0, 0, 471, 0, 921, 0, 0, 0, 439, 0, 0, 0, '2D39D27', 6, 0, NULL, 2019),
(40886, '兹松冠', 11604, 'hat', 2640, '通用', 'strength', 4276, 592, 0, 216, 0, 0, 86, 69, 0, 0, 0, 0, 0, 0, 0, 0, 0, 393, 0, 921, 0, 0, 0, 439, 0, 0, 0, '2D39D18', 6, 0, NULL, 2020),
(40897, '回风送客·流火护手', 5882, 'wrist', 2300, '通用', 'spunk', 2898, 401, 0, 0, 0, 147, 53, 66, 0, 0, 0, 0, 0, 0, 0, 0, 0, 319, 0, 624, 0, 0, 0, 297, 0, 0, 0, '2D01D05', 6, 0, NULL, NULL),
(40898, '回风送客·业火护手', 5882, 'wrist', 2300, '通用', 'strength', 2898, 401, 0, 147, 0, 0, 66, 53, 0, 0, 0, 0, 0, 0, 0, 0, 0, 266, 0, 624, 0, 0, 0, 297, 0, 0, 0, '2D02D05', 6, 0, NULL, NULL),
(40921, '回风送客·青月冠', 5881, 'hat', 2300, '通用', 'spunk', 3726, 516, 0, 0, 0, 189, 60, 75, 0, 0, 0, 0, 0, 0, 0, 0, 0, 411, 0, 803, 0, 0, 0, 0, 382, 0, 0, '2D03D11', 6, 0, NULL, NULL),
(40922, '回风送客·白月冠', 5881, 'hat', 2300, '通用', 'strength', 3726, 516, 0, 189, 0, 0, 75, 60, 0, 0, 0, 0, 0, 0, 0, 0, 0, 342, 0, 803, 0, 0, 0, 0, 382, 0, 0, '2D03D11', 6, 0, NULL, NULL),
(41412, '无界头饰', 8894, 'hat', 2400, '精简', 'magic', 3888, 0, 0, 0, 0, 0, 63, 79, 0, 0, 0, 0, 0, 0, 0, 0, 0, 1029, 0, 1197, 0, 0, 0, 0, 0, 0, 0, '2D38D03', 3, 0, NULL, NULL),
(41413, '无界头饰', 8894, 'hat', 2400, '精简', 'magic', 3888, 0, 0, 0, 0, 0, 63, 79, 0, 0, 0, 0, 0, 0, 0, 0, 0, 921, 0, 479, 0, 0, 0, 917, 0, 0, 0, '2D38D05', 3, 0, NULL, NULL),
(41414, '无界头饰', 8894, 'hat', 2400, '精简', 'magic', 3888, 0, 0, 0, 0, 0, 63, 79, 0, 0, 0, 0, 0, 0, 0, 0, 0, 964, 0, 459, 0, 459, 0, 0, 399, 0, 0, '2D38D03', 3, 0, NULL, NULL),
(41415, '无界头饰', 8894, 'hat', 2400, '精简', 'physics', 3888, 0, 0, 0, 0, 0, 79, 63, 0, 0, 0, 0, 0, 0, 0, 0, 0, 857, 0, 1197, 0, 0, 0, 0, 0, 0, 0, '2D21D03', 3, 0, NULL, NULL),
(41416, '无界头饰', 8894, 'hat', 2400, '精简', 'physics', 3888, 0, 0, 0, 0, 0, 79, 63, 0, 0, 0, 0, 0, 0, 0, 0, 0, 768, 0, 479, 0, 0, 0, 917, 0, 0, 0, '2D21D05', 3, 0, NULL, NULL),
(41417, '无界头饰', 8894, 'hat', 2400, '精简', 'physics', 3888, 0, 0, 0, 0, 0, 79, 63, 0, 0, 0, 0, 0, 0, 0, 0, 0, 804, 0, 459, 0, 459, 0, 0, 399, 0, 0, '2D21D03', 3, 0, NULL, NULL),
(41420, '无界护臂', 8895, 'wrist', 2400, '精简', 'magic', 3024, 0, 0, 0, 0, 0, 55, 69, 0, 0, 0, 0, 0, 0, 0, 0, 0, 800, 0, 0, 0, 0, 0, 931, 0, 0, 0, '2D37D05', 3, 0, NULL, NULL),
(41421, '无界护臂', 8895, 'wrist', 2400, '精简', 'magic', 3024, 0, 0, 0, 0, 0, 55, 69, 0, 0, 0, 0, 0, 0, 0, 0, 0, 717, 0, 620, 465, 0, 0, 0, 0, 0, 0, '2D27D05', 3, 0, NULL, NULL),
(41422, '无界护臂', 8895, 'wrist', 2400, '精简', 'magic', 3024, 0, 0, 0, 0, 0, 55, 69, 0, 0, 0, 0, 0, 0, 0, 0, 0, 717, 0, 465, 310, 0, 0, 310, 0, 0, 0, '2D27D03', 3, 0, NULL, NULL),
(41423, '无界护臂', 8895, 'wrist', 2400, '精简', 'physics', 3024, 0, 0, 0, 0, 0, 69, 55, 0, 0, 0, 0, 0, 0, 0, 0, 0, 667, 0, 0, 0, 0, 0, 931, 0, 0, 0, '2D06D05', 3, 0, NULL, NULL),
(41424, '无界护臂', 8895, 'wrist', 2400, '精简', 'physics', 3024, 0, 0, 0, 0, 0, 69, 55, 0, 0, 0, 0, 0, 0, 0, 0, 0, 597, 0, 620, 465, 0, 0, 0, 0, 0, 0, '2D18D05', 3, 0, NULL, NULL),
(41425, '无界护臂', 8895, 'wrist', 2400, '精简', 'physics', 3024, 0, 0, 0, 0, 0, 69, 55, 0, 0, 0, 0, 0, 0, 0, 0, 0, 597, 0, 465, 310, 0, 0, 310, 0, 0, 0, '2D18D03', 3, 0, NULL, NULL),
(41444, '无界头饰', 8894, 'hat', 2520, '精简', 'magic', 4082, 0, 0, 0, 0, 0, 66, 82, 0, 0, 0, 0, 0, 0, 0, 0, 0, 1080, 0, 0, 0, 1256, 0, 0, 0, 0, 0, '2D36D03', 3, 0, NULL, NULL),
(41445, '无界头饰', 8894, 'hat', 2520, '精简', 'magic', 4082, 0, 0, 0, 0, 0, 66, 82, 0, 0, 0, 0, 0, 0, 0, 0, 0, 967, 0, 838, 628, 0, 0, 0, 0, 0, 0, '2D27D05', 3, 0, NULL, NULL),
(41446, '无界头饰', 8894, 'hat', 2520, '精简', 'magic', 4082, 0, 0, 0, 0, 0, 66, 82, 0, 0, 0, 0, 0, 0, 0, 0, 0, 1012, 0, 544, 0, 0, 0, 419, 419, 0, 0, '2D27D39', 3, 0, NULL, NULL),
(41447, '无界头饰', 8894, 'hat', 2520, '精简', 'physics', 4082, 0, 0, 0, 0, 0, 82, 66, 0, 0, 0, 0, 0, 0, 0, 0, 0, 900, 0, 0, 0, 1256, 0, 0, 0, 0, 0, '2D09D03', 3, 0, NULL, NULL),
(41448, '无界头饰', 8894, 'hat', 2520, '精简', 'physics', 4082, 0, 0, 0, 0, 0, 82, 66, 0, 0, 0, 0, 0, 0, 0, 0, 0, 806, 0, 838, 628, 0, 0, 0, 0, 0, 0, '2D18D05', 3, 0, NULL, NULL),
(41449, '无界头饰', 8894, 'hat', 2520, '精简', 'physics', 4082, 0, 0, 0, 0, 0, 82, 66, 0, 0, 0, 0, 0, 0, 0, 0, 0, 844, 0, 544, 0, 0, 0, 419, 419, 0, 0, '2D18D39', 3, 0, NULL, NULL),
(41452, '无界护臂', 8895, 'wrist', 2520, '精简', 'magic', 3175, 0, 0, 0, 0, 0, 58, 72, 0, 0, 0, 0, 0, 0, 0, 0, 0, 840, 0, 0, 0, 0, 0, 0, 977, 0, 0, '2D37D39', 3, 0, NULL, NULL),
(41453, '无界护臂', 8895, 'wrist', 2520, '精简', 'magic', 3175, 0, 0, 0, 0, 0, 58, 72, 0, 0, 0, 0, 0, 0, 0, 0, 0, 787, 0, 0, 0, 684, 0, 391, 0, 0, 0, '2D37D05', 3, 0, NULL, NULL),
(41454, '无界护臂', 8895, 'wrist', 2520, '精简', 'magic', 3175, 0, 0, 0, 0, 0, 58, 72, 0, 0, 0, 0, 0, 0, 0, 0, 0, 752, 0, 489, 326, 0, 0, 0, 326, 0, 0, '2D27D39', 3, 0, NULL, NULL),
(41455, '无界护臂', 8895, 'wrist', 2520, '精简', 'physics', 3175, 0, 0, 0, 0, 0, 72, 58, 0, 0, 0, 0, 0, 0, 0, 0, 0, 700, 0, 0, 0, 0, 0, 0, 977, 0, 0, '2D18D39', 3, 0, NULL, NULL),
(41456, '无界护臂', 8895, 'wrist', 2520, '精简', 'physics', 3175, 0, 0, 0, 0, 0, 72, 58, 0, 0, 0, 0, 0, 0, 0, 0, 0, 656, 0, 0, 0, 684, 0, 391, 0, 0, 0, '2D06D05', 3, 0, NULL, NULL),
(41457, '无界护臂', 8895, 'wrist', 2520, '精简', 'physics', 3175, 0, 0, 0, 0, 0, 72, 58, 0, 0, 0, 0, 0, 0, 0, 0, 0, 627, 0, 489, 326, 0, 0, 0, 326, 0, 0, '2D18D39', 3, 0, NULL, NULL),
(41477, '佩兰袖', 11599, 'wrist', 2100, '通用', 'spunk', 2646, 366, 0, 0, 0, 134, 48, 60, 0, 0, 0, 0, 0, 0, 0, 0, 0, 292, 0, 0, 0, 570, 0, 0, 271, 0, 0, '2D11D01', 6, 0, NULL, NULL),
(41478, '宿莽袖', 11599, 'wrist', 2100, '通用', 'strength', 2646, 366, 0, 134, 0, 0, 60, 48, 0, 0, 0, 0, 0, 0, 0, 0, 0, 243, 0, 0, 0, 570, 0, 0, 271, 0, 0, '2D11D02', 6, 0, NULL, NULL),
(41501, '佩兰冠', 11598, 'hat', 2100, '通用', 'spunk', 3402, 471, 0, 0, 0, 172, 55, 69, 0, 0, 0, 0, 0, 0, 0, 0, 0, 375, 0, 0, 0, 733, 0, 0, 349, 0, 0, '2D01D39', 6, 0, NULL, NULL),
(41502, '宿莽冠', 11598, 'hat', 2100, '通用', 'strength', 3402, 471, 0, 172, 0, 0, 69, 55, 0, 0, 0, 0, 0, 0, 0, 0, 0, 312, 0, 0, 0, 733, 0, 0, 349, 0, 0, '2D02D39', 6, 0, NULL, NULL),
(41513, '忘光护手', 11045, 'wrist', 2330, '通用', 'spunk', 2935, 407, 0, 0, 0, 149, 53, 67, 0, 0, 0, 0, 0, 0, 0, 0, 0, 324, 0, 0, 0, 0, 632, 0, 301, 0, 0, '2D39D01', 6, 0, NULL, NULL),
(41514, '剪云护手', 11045, 'wrist', 2330, '通用', 'strength', 2935, 407, 0, 149, 0, 0, 67, 53, 0, 0, 0, 0, 0, 0, 0, 0, 0, 270, 0, 0, 0, 0, 632, 0, 301, 0, 0, '2D39D02', 6, 0, NULL, NULL),
(41537, '忘光冠', 11041, 'hat', 2330, '通用', 'spunk', 3774, 523, 0, 0, 0, 191, 61, 76, 0, 0, 0, 0, 0, 0, 0, 0, 0, 416, 0, 0, 0, 813, 0, 0, 387, 0, 0, '2D01D39', 6, 0, NULL, NULL),
(41538, '剪云冠', 11041, 'hat', 2330, '通用', 'strength', 3774, 523, 0, 191, 0, 0, 76, 61, 0, 0, 0, 0, 0, 0, 0, 0, 0, 347, 0, 0, 0, 813, 0, 0, 387, 0, 0, '2D02D39', 6, 0, NULL, NULL),
(41549, '逢采护手', 11599, 'wrist', 2600, '通用', 'spunk', 3276, 454, 0, 0, 0, 166, 60, 74, 0, 0, 0, 0, 0, 0, 0, 0, 0, 361, 0, 0, 0, 0, 706, 0, 336, 0, 0, '2D39D01', 6, 0, NULL, NULL),
(41550, '临歧护手', 11599, 'wrist', 2600, '通用', 'strength', 3276, 454, 0, 166, 0, 0, 74, 60, 0, 0, 0, 0, 0, 0, 0, 0, 0, 301, 0, 0, 0, 0, 706, 0, 336, 0, 0, '2D39D02', 6, 0, NULL, NULL),
(41573, '逢采帽', 11598, 'hat', 2600, '通用', 'spunk', 4212, 583, 0, 0, 0, 213, 68, 85, 0, 0, 0, 0, 0, 0, 0, 0, 0, 464, 0, 0, 0, 907, 0, 0, 432, 0, 0, '2D01D39', 6, 0, NULL, NULL),
(41574, '临歧帽', 11598, 'hat', 2600, '通用', 'strength', 4212, 583, 0, 213, 0, 0, 85, 68, 0, 0, 0, 0, 0, 0, 0, 0, 0, 387, 0, 0, 0, 907, 0, 0, 432, 0, 0, '2D02D39', 6, 0, NULL, NULL);

DROP TABLE IF EXISTS `equip_set`;
CREATE TABLE `equip_set` (
  `id` int(11) NOT NULL,
  `name` varchar(255) NOT NULL
) ENGINE=InnoDB DEFAULT CHARSET=utf8mb4;

INSERT INTO `equip_set` (`id`, `name`) VALUES
(1675, '鹤梦·凝清'),
(1685, '鹤梦·风影'),
(1686, '鹤梦·星魂'),
(1698, '寻踪觅宝·五气'),
(1699, '寻踪觅宝·制化'),
(1705, '天韶·孤怀'),
(1715, '天韶·羽魂'),
(1716, '天韶·雾渺'),
(1728, '寒川'),
(1729, '寒山'),
(1989, '寻踪觅宝·亘绝'),
(1990, '寻踪觅宝·宿世'),
(1996, '凌绝·溪行'),
(2006, '凌绝·威灵'),
(2007, '凌绝·鸣竹'),
(2019, '兹杨'),
(2020, '兹松');

DROP TABLE IF EXISTS `equip_source_source`;
CREATE TABLE `equip_source_source` (
  `equipId` int(11) NOT NULL,
  `sourceId` int(11) NOT NULL
) ENGINE=InnoDB DEFAULT CHARSET=utf8mb4;

INSERT INTO `equip_source_source` (`equipId`, `sourceId`) VALUES
(32824, 73),
(32825, 73),
(32842, 76),
(32843, 76),
(32849, 713),
(32859, 713),
(32860, 713),
(32921, 713),
(32931, 713),
(32932, 713),
(32968, 923),
(32969, 923),
(32992, 923),
(32993, 923),
(33004, 897),
(33005, 897),
(33022, 897),
(33023, 897),
(33034, 137),
(33035, 137),
(33058, 137),
(33059, 137),
(33100, 714),
(33101, 714),
(33124, 717),
(33125, 717),
(33137, 713),
(33147, 713),
(33148, 713),
(33209, 713),
(33219, 713),
(33220, 713),
(33256, 137),
(33257, 137),
(33280, 137),
(33281, 137),
(33322, 719),
(33322, 720),
(33323, 719),
(33323, 720),
(33346, 725),
(33346, 726),
(33347, 725),
(33347, 726),
(33358, 895),
(33359, 895),
(33382, 895),
(33383, 895),
(34114, 6),
(34115, 6),
(34138, 6),
(34139, 6),
(34636, 714),
(34637, 714),
(34660, 714),
(34661, 714),
(34672, 732),
(34672, 733),
(34673, 732),
(34673, 733),
(34696, 719),
(34696, 728),
(34697, 719),
(34697, 728),
(39479, 24),
(39480, 24),
(40375, 249),
(40375, 250),
(40375, 485),
(40375, 803),
(40375, 806),
(40375, 858),
(40375, 859),
(40376, 249),
(40376, 250),
(40376, 485),
(40376, 803),
(40376, 806),
(40376, 858),
(40376, 859),
(40399, 195),
(40399, 251),
(40399, 252),
(40399, 531),
(40399, 840),
(40399, 864),
(40399, 865),
(40400, 195),
(40400, 251),
(40400, 252),
(40400, 531),
(40400, 840),
(40400, 864),
(40400, 865),
(40411, 148),
(40411, 192),
(40411, 833),
(40411, 868),
(40411, 869),
(40411, 870),
(40412, 148),
(40412, 192),
(40412, 833),
(40412, 868),
(40412, 869),
(40412, 870),
(40435, 145),
(40435, 202),
(40435, 391),
(40435, 861),
(40435, 868),
(40435, 871),
(40435, 877),
(40436, 145),
(40436, 202),
(40436, 391),
(40436, 861),
(40436, 868),
(40436, 871),
(40436, 877),
(40447, 151),
(40447, 178),
(40447, 394),
(40447, 820),
(40447, 870),
(40447, 878),
(40448, 151),
(40448, 178),
(40448, 394),
(40448, 820),
(40448, 870),
(40448, 878),
(40471, 160),
(40471, 173),
(40471, 392),
(40471, 877),
(40471, 883),
(40471, 884),
(40472, 160),
(40472, 173),
(40472, 392),
(40472, 877),
(40472, 883),
(40472, 884),
(40501, 1),
(40502, 1),
(40513, 923),
(40514, 923),
(40537, 923),
(40538, 923),
(40549, 897),
(40550, 897),
(40567, 897),
(40568, 897),
(40580, 713),
(40590, 713),
(40591, 713),
(40652, 713),
(40662, 713),
(40663, 713),
(40699, 827),
(40700, 827),
(40723, 853),
(40724, 853),
(40735, 831),
(40736, 831),
(40759, 830),
(40760, 830),
(40795, 137),
(40796, 137),
(40819, 137),
(40820, 137),
(40861, 895),
(40862, 895),
(40885, 895),
(40886, 895),
(40897, 6),
(40898, 6),
(40921, 6),
(40922, 6),
(41412, 111),
(41413, 111),
(41414, 111),
(41415, 111),
(41416, 111),
(41417, 111),
(41420, 111),
(41421, 111),
(41422, 111),
(41423, 111),
(41424, 111),
(41425, 111),
(41444, 111),
(41445, 111),
(41446, 111),
(41447, 111),
(41448, 111),
(41449, 111),
(41452, 111),
(41453, 111),
(41454, 111),
(41455, 111),
(41456, 111),
(41457, 111),
(41477, 210),
(41477, 211),
(41477, 485),
(41477, 835),
(41477, 878),
(41477, 886),
(41478, 210),
(41478, 211),
(41478, 485),
(41478, 835),
(41478, 878),
(41478, 886),
(41501, 215),
(41501, 222),
(41501, 531),
(41501, 860),
(41501, 881),
(41501, 882),
(41502, 215),
(41502, 222),
(41502, 531),
(41502, 860),
(41502, 881),
(41502, 882),
(41513, 719),
(41514, 719),
(41537, 732),
(41538, 732),
(41549, 837),
(41550, 837),
(41573, 837),
(41574, 837);

DROP TABLE IF EXISTS `game_map`;
CREATE TABLE `game_map` (
  `id` int(11) NOT NULL,
  `name` varchar(255) NOT NULL
) ENGINE=InnoDB DEFAULT CHARSET=utf8mb4;

INSERT INTO `game_map` (`id`, `name`) VALUES
(26, '尘归海·巨冥湾'),
(31, '大明宫'),
(34, '道具换取'),
(36, '荻花宫后山'),
(38, '荻花圣殿'),
(41, '风雷刀谷·锻刀厅'),
(42, '风雷刀谷·千雷殿'),
(43, '风雪稻香村'),
(54, '狼牙堡·辉天堑'),
(55, '狼牙堡·狼神殿'),
(56, '狼牙堡·燕然峰'),
(58, '龙渊泽'),
(62, '南诏皇宫'),
(67, '秦皇陵'),
(69, '上阳宫·观风殿'),
(70, '上阳宫·双曜亭'),
(78, '太原之战·夜守孤城'),
(79, '太原之战·逐虎驱狼'),
(84, '挑战冰火岛·荒血路'),
(86, '挑战尘归海·巨冥湾'),
(87, '挑战尘归海·饕餮洞'),
(100, '血战天策'),
(102, '野外'),
(106, '英雄冰火岛·荒血路'),
(107, '英雄尘归海·巨冥湾'),
(162, '永王行宫·花月别院'),
(163, '永王行宫·仙侣庭园'),
(164, '战宝迦兰'),
(165, '战宝军械库'),
(167, '烛龙殿');

DROP TABLE IF EXISTS `reputation`;
CREATE TABLE `reputation` (
  `id` int(11) NOT NULL,
  `name` varchar(255) NOT NULL,
  `level` varchar(255) DEFAULT NULL
) ENGINE=InnoDB DEFAULT CHARSET=utf8mb4;

INSERT INTO `reputation` (`id`, `name`, `level`) VALUES
(18, '未知', NULL),
(67, '康氏泥兰园', '尊敬'),
(70, '东海丐帮分舵', '尊敬');

DROP TABLE IF EXISTS `set_effect`;
CREATE TABLE `set_effect` (
  `id` int(11) NOT NULL,
  `requirement` int(11) NOT NULL,
  `effectId` int(11) DEFAULT NULL,
  `setId` int(11) DEFAULT NULL
) ENGINE=InnoDB DEFAULT CHARSET=utf8mb4;

INSERT INTO `set_effect` (`id`, `requirement`, `effectId`, `setId`) VALUES
(1652, 2, 453, 1675),
(1662, 2, 455, 1685),
(1663, 2, 456, 1686),
(1675, 2, 315, 1698),
(1676, 2, 315, 1699),
(1682, 2, 281, 1705),
(1692, 2, 285, 1715),
(1693, 2, 287, 1716),
(1705, 2, 471, 1728),
(1706, 2, 471, 1729),
(1966, 2, 501, 1989),
(1967, 2, 501, 1990),
(1973, 2, 453, 1996),
(1983, 2, 455, 2006),
(1984, 2, 456, 2007),
(1996, 2, 526, 2019),
(1997, 2, 526, 2020),
(2674, 3, 536, 1698),
(2675, 3, 536, 1699),
(3857, 4, 281, 1675),
(3867, 4, 285, 1685),
(3868, 4, 287, 1686),
(3880, 4, 556, 1698),
(3881, 4, 556, 1699),
(3887, 4, 453, 1705),
(3897, 4, 455, 1715),
(3898, 4, 456, 1716),
(3910, 4, 605, 1728),
(3911, 4, 605, 1729),
(4062, 4, 610, 1989),
(4063, 4, 610, 1990),
(4069, 4, 281, 1996),
(4079, 4, 285, 2006),
(4080, 4, 287, 2007),
(4092, 4, 626, 2019),
(4093, 4, 626, 2020);

DROP TABLE IF EXISTS `source`;
CREATE TABLE `source` (
  `id` int(11) NOT NULL,
  `redeem` enum('contribution','chivalry','prestige_fiend','prestige_virtue','arena','store') DEFAULT NULL,
  `activity` varchar(255) DEFAULT NULL,
  `limitedTime` tinyint(4) DEFAULT NULL,
  `type` enum('raid','reputation','redeem','activity','other') NOT NULL,
  `bossId` int(11) DEFAULT NULL,
  `reputationId` int(11) DEFAULT NULL,
  `comment` varchar(255) DEFAULT NULL
) ENGINE=InnoDB DEFAULT CHARSET=utf8mb4;

INSERT INTO `source` (`id`, `redeem`, `activity`, `limitedTime`, `type`, `bossId`, `reputationId`, `comment`) VALUES
(1, 'contribution', NULL, NULL, 'redeem', NULL, NULL, NULL),
(6, 'store', NULL, NULL, 'redeem', NULL, NULL, '龙门寻宝'),
(24, NULL, NULL, NULL, 'reputation', NULL, 18, NULL),
(73, NULL, NULL, NULL, 'reputation', NULL, 67, NULL),
(76, NULL, NULL, NULL, 'reputation', NULL, 70, NULL),
(111, NULL, '试炼之地', 0, 'activity', NULL, NULL, NULL),
(137, NULL, NULL, NULL, 'raid', 1, NULL, NULL),
(145, NULL, NULL, NULL, 'raid', 9, NULL, NULL),
(148, NULL, NULL, NULL, 'raid', 12, NULL, NULL),
(151, NULL, NULL, NULL, 'raid', 15, NULL, NULL),
(160, NULL, NULL, NULL, 'raid', 24, NULL, NULL),
(173, NULL, NULL, NULL, 'raid', 37, NULL, NULL),
(178, NULL, NULL, NULL, 'raid', 42, NULL, NULL),
(192, NULL, NULL, NULL, 'raid', 56, NULL, NULL),
(195, NULL, NULL, NULL, 'raid', 59, NULL, NULL),
(202, NULL, NULL, NULL, 'raid', 66, NULL, NULL),
(210, NULL, NULL, NULL, 'raid', 74, NULL, NULL),
(211, NULL, NULL, NULL, 'raid', 75, NULL, NULL),
(215, NULL, NULL, NULL, 'raid', 79, NULL, NULL),
(222, NULL, NULL, NULL, 'raid', 86, NULL, NULL),
(249, NULL, NULL, NULL, 'raid', 113, NULL, NULL),
(250, NULL, NULL, NULL, 'raid', 114, NULL, NULL),
(251, NULL, NULL, NULL, 'raid', 115, NULL, NULL),
(252, NULL, NULL, NULL, 'raid', 116, NULL, NULL),
(391, NULL, NULL, NULL, 'raid', 255, NULL, NULL),
(392, NULL, NULL, NULL, 'raid', 256, NULL, NULL),
(394, NULL, NULL, NULL, 'raid', 258, NULL, NULL),
(485, NULL, NULL, NULL, 'raid', 349, NULL, NULL),
(531, NULL, NULL, NULL, 'raid', 395, NULL, NULL),
(713, NULL, NULL, NULL, 'raid', 577, NULL, NULL),
(714, NULL, NULL, NULL, 'raid', 578, NULL, NULL),
(717, NULL, NULL, NULL, 'raid', 581, NULL, NULL),
(719, NULL, NULL, NULL, 'raid', 583, NULL, NULL),
(720, NULL, NULL, NULL, 'raid', 584, NULL, NULL),
(725, NULL, NULL, NULL, 'raid', 589, NULL, NULL),
(726, NULL, NULL, NULL, 'raid', 590, NULL, NULL),
(728, NULL, NULL, NULL, 'raid', 592, NULL, NULL),
(732, NULL, NULL, NULL, 'raid', 596, NULL, NULL),
(733, NULL, NULL, NULL, 'raid', 597, NULL, NULL),
(803, NULL, NULL, NULL, 'raid', 667, NULL, NULL),
(806, NULL, NULL, NULL, 'raid', 670, NULL, NULL),
(820, NULL, NULL, NULL, 'raid', 684, NULL, NULL),
(827, NULL, NULL, NULL, 'raid', 691, NULL, NULL),
(830, NULL, NULL, NULL, 'raid', 694, NULL, NULL),
(831, NULL, NULL, NULL, 'raid', 695, NULL, NULL),
(833, NULL, NULL, NULL, 'raid', 697, NULL, NULL),
(835, NULL, NULL, NULL, 'raid', 699, NULL, NULL),
(837, NULL, NULL, NULL, 'raid', 701, NULL, NULL),
(840, NULL, NULL, NULL, 'raid', 704, NULL, NULL),
(853, NULL, NULL, NULL, 'raid', 717, NULL, NULL),
(858, NULL, NULL, NULL, 'raid', 722, NULL, NULL),
(859, NULL, NULL, NULL, 'raid', 723, NULL, NULL),
(860, NULL, NULL, NULL, 'raid', 724, NULL, NULL),
(861, NULL, NULL, NULL, 'raid', 725, NULL, NULL),
(864, NULL, NULL, NULL, 'raid', 728, NULL, NULL),
(865, NULL, NULL, NULL, 'raid', 729, NULL, NULL),
(868, NULL, NULL, NULL, 'raid', 732, NULL, NULL),
(869, NULL, NULL, NULL, 'raid', 733, NULL, NULL),
(870, NULL, NULL, NULL, 'raid', 734, NULL, NULL),
(871, NULL, NULL, NULL, 'raid', 735, NULL, NULL),
(877, NULL, NULL, NULL, 'raid', 741, NULL, NULL),
(878, NULL, NULL, NULL, 'raid', 742, NULL, NULL),
(881, NULL, NULL, NULL, 'raid', 745, NULL, NULL),
(882, NULL, NULL, NULL, 'raid', 746, NULL, NULL),
(883, NULL, NULL, NULL, 'raid', 747, NULL, NULL),
(884, NULL, NULL, NULL, 'raid', 748, NULL, NULL),
(886, NULL, NULL, NULL, 'raid', 750, NULL, NULL),
(895, NULL, NULL, NULL, 'other', NULL, NULL, '生活技能'),
(897, NULL, NULL, NULL, 'other', NULL, NULL, '挖宝'),
(923, NULL, NULL, NULL, 'other', NULL, NULL, '身份·方士');

DROP TABLE IF EXISTS `stone`;
CREATE TABLE `stone` (
  `id` int(11) NOT NULL,
  `name` varchar(255) NOT NULL
) ENGINE=InnoDB DEFAULT CHARSET=utf8mb4;

DROP TABLE IF EXISTS `stone_attribute`;
CREATE TABLE `stone_attribute` (
  `id` int(11) NOT NULL,
  `name` varchar(255) NOT NULL,
  `decorator` varchar(255) NOT NULL,
  `key` varchar(255) NOT NULL,
  `value` decimal(5,2) NOT NULL,
  `requiredQuantity` int(11) NOT NULL,
  `requiredLevel` int(11) NOT NULL
) ENGINE=InnoDB DEFAULT CHARSET=utf8mb4;

DROP TABLE IF EXISTS `stone_attributes_stone_attribute`;
CREATE TABLE `stone_attributes_stone_attribute` (
  `stoneId` int(11) NOT NULL,
  `stoneAttributeId` int(11) NOT NULL
) ENGINE=InnoDB DEFAULT CHARSET=utf8mb4;

DROP TABLE IF EXISTS `talent`;
CREATE TABLE `talent` (
  `id` int(11) NOT NULL,
  `kungfu` varchar(255) NOT NULL,
  `index` int(11) NOT NULL,
  `name` varchar(255) NOT NULL,
  `description` varchar(255) NOT NULL,
  `icon` int(11) NOT NULL,
  `version` varchar(255) NOT NULL,
  `effectId` int(11) DEFAULT NULL
) ENGINE=InnoDB DEFAULT CHARSET=utf8mb4;


ALTER TABLE `boss`
  ADD PRIMARY KEY (`id`),
  ADD KEY `FK_832d386064fe561a4e90c3e6adf` (`mapId`);

ALTER TABLE `effect`
  ADD PRIMARY KEY (`id`);

ALTER TABLE `enhance`
  ADD PRIMARY KEY (`id`);

ALTER TABLE `equip`
  ADD PRIMARY KEY (`id`),
  ADD KEY `FK_b43fdc7007a3c98b236fe4466c0` (`effectId`),
  ADD KEY `FK_ca1eb506505133942504af5ede7` (`setId`);

ALTER TABLE `equip_set`
  ADD PRIMARY KEY (`id`);

ALTER TABLE `equip_source_source`
  ADD PRIMARY KEY (`equipId`,`sourceId`),
  ADD KEY `IDX_2276f78612fbb92aa4973bb8a9` (`equipId`),
  ADD KEY `IDX_427a357c70fc9feb9108307486` (`sourceId`);

ALTER TABLE `game_map`
  ADD PRIMARY KEY (`id`);

ALTER TABLE `reputation`
  ADD PRIMARY KEY (`id`);

ALTER TABLE `set_effect`
  ADD PRIMARY KEY (`id`),
  ADD KEY `FK_cbedb5eaa9ac2d186bf17aa7353` (`effectId`),
  ADD KEY `FK_f44573805de88c3ee1f14fc1237` (`setId`);

ALTER TABLE `source`
  ADD PRIMARY KEY (`id`),
  ADD KEY `IDX_c531f31e06cfbdf6d42d5eb30b` (`type`),
  ADD KEY `FK_18da894412dc024daa62456e18d` (`bossId`),
  ADD KEY `FK_ddd622b27403c5dac3969f4c894` (`reputationId`);

ALTER TABLE `stone`
  ADD PRIMARY KEY (`id`);

ALTER TABLE `stone_attribute`
  ADD PRIMARY KEY (`id`);

ALTER TABLE `stone_attributes_stone_attribute`
  ADD PRIMARY KEY (`stoneId`,`stoneAttributeId`),
  ADD KEY `IDX_78555566b61a44435ac96aec3b` (`stoneId`),
  ADD KEY `IDX_7e44cd16d37c1700e4946b3afa` (`stoneAttributeId`);

ALTER TABLE `talent`
  ADD PRIMARY KEY (`id`),
  ADD KEY `FK_ee902383f6629b0b3e2a27c5fd6` (`effectId`);


ALTER TABLE `boss`
  MODIFY `id` int(11) NOT NULL AUTO_INCREMENT, AUTO_INCREMENT=751;

ALTER TABLE `effect`
  MODIFY `id` int(11) NOT NULL AUTO_INCREMENT, AUTO_INCREMENT=627;

ALTER TABLE `enhance`
  MODIFY `id` int(11) NOT NULL AUTO_INCREMENT;

ALTER TABLE `equip`
  MODIFY `id` int(11) NOT NULL AUTO_INCREMENT, AUTO_INCREMENT=41575;

ALTER TABLE `equip_set`
  MODIFY `id` int(11) NOT NULL AUTO_INCREMENT, AUTO_INCREMENT=2021;

ALTER TABLE `game_map`
  MODIFY `id` int(11) NOT NULL AUTO_INCREMENT, AUTO_INCREMENT=168;

ALTER TABLE `reputation`
  MODIFY `id` int(11) NOT NULL AUTO_INCREMENT, AUTO_INCREMENT=71;

ALTER TABLE `set_effect`
  MODIFY `id` int(11) NOT NULL AUTO_INCREMENT, AUTO_INCREMENT=4094;

ALTER TABLE `source`
  MODIFY `id` int(11) NOT NULL AUTO_INCREMENT, AUTO_INCREMENT=924;

ALTER TABLE `stone`
  MODIFY `id` int(11) NOT NULL AUTO_INCREMENT;

ALTER TABLE `stone_attribute`
  MODIFY `id` int(11) NOT NULL AUTO_INCREMENT;

ALTER TABLE `talent`
  MODIFY `id` int(11) NOT NULL AUTO_INCREMENT;


ALTER TABLE `boss`
  ADD CONSTRAINT `FK_832d386064fe561a4e90c3e6adf` FOREIGN KEY (`mapId`) REFERENCES `game_map` (`id`) ON DELETE NO ACTION ON UPDATE NO ACTION;

ALTER TABLE `equip`
  ADD CONSTRAINT `FK_b43fdc7007a3c98b236fe4466c0` FOREIGN KEY (`effectId`) REFERENCES `effect` (`id`) ON DELETE NO ACTION ON UPDATE NO ACTION,
  ADD CONSTRAINT `FK_ca1eb506505133942504af5ede7` FOREIGN KEY (`setId`) REFERENCES `equip_set` (`id`) ON DELETE NO ACTION ON UPDATE NO ACTION;

ALTER TABLE `equip_source_source`
  ADD CONSTRAINT `FK_2276f78612fbb92aa4973bb8a90` FOREIGN KEY (`equipId`) REFERENCES `equip` (`id`) ON DELETE CASCADE ON UPDATE NO ACTION,
  ADD CONSTRAINT `FK_427a357c70fc9feb9108307486e` FOREIGN KEY (`sourceId`) REFERENCES `source` (`id`) ON DELETE CASCADE ON UPDATE NO ACTION;

ALTER TABLE `set_effect`
  ADD CONSTRAINT `FK_cbedb5eaa9ac2d186bf17aa7353` FOREIGN KEY (`effectId`) REFERENCES `effect` (`id`) ON DELETE NO ACTION ON UPDATE NO ACTION,
  ADD CONSTRAINT `FK_f44573805de88c3ee1f14fc1237` FOREIGN KEY (`setId`) REFERENCES `equip_set` (`id`) ON DELETE NO ACTION ON UPDATE NO ACTION;

ALTER TABLE `source`
  ADD CONSTRAINT `FK_18da894412dc024daa62456e18d` FOREIGN KEY (`bossId`) REFERENCES `boss` (`id`) ON DELETE NO ACTION ON UPDATE NO ACTION,
  ADD CONSTRAINT `FK_ddd622b27403c5dac3969f4c894` FOREIGN KEY (`reputationId`) REFERENCES `reputation` (`id`) ON DELETE NO ACTION ON UPDATE NO ACTION;

ALTER TABLE `stone_attributes_stone_attribute`
  ADD CONSTRAINT `FK_78555566b61a44435ac96aec3bf` FOREIGN KEY (`stoneId`) REFERENCES `stone` (`id`) ON DELETE CASCADE ON UPDATE NO ACTION,
  ADD CONSTRAINT `FK_7e44cd16d37c1700e4946b3afa0` FOREIGN KEY (`stoneAttributeId`) REFERENCES `stone_attribute` (`id`) ON DELETE CASCADE ON UPDATE NO ACTION;

ALTER TABLE `talent`
  ADD CONSTRAINT `FK_ee902383f6629b0b3e2a27c5fd6` FOREIGN KEY (`effectId`) REFERENCES `effect` (`id`) ON DELETE NO ACTION ON UPDATE NO ACTION;
SET FOREIGN_KEY_CHECKS=1;
COMMIT;

/*!40101 SET CHARACTER_SET_CLIENT=@OLD_CHARACTER_SET_CLIENT */;
/*!40101 SET CHARACTER_SET_RESULTS=@OLD_CHARACTER_SET_RESULTS */;
/*!40101 SET COLLATION_CONNECTION=@OLD_COLLATION_CONNECTION */;
